{
	"variables": {
		"client_id": "{{env `ARM_CLIENT_ID`}}",
		"client_secret": "{{env `ARM_CLIENT_SECRET`}}",
		"subscription_id": "{{env `ARM_SUBSCRIPTION_ID`}}"
	},
	"builders": [
        {
            "type": "azure-arm",
            "client_id": "2bfb8444-ea16-40ce-9535-627c293b069c",
            "client_secret": "~h28Q~4.DmXTBU9eV49oWB1MV94r5g3xj1hksbGW",
            "subscription_id": "ae905fde-e5ea-40f0-a6db-35397678cc4c",
            "os_type": "Linux",
            "image_publisher": "Canonical",
            "image_offer": "UbuntuServer",
            "image_sku": "18.04-LTS",
            "managed_image_resource_group_name": "Azuredevops",
            "managed_image_name": "c1_packer_image",
            "location": "West Europe",
            "vm_size": "Standard_B1s"
        }
    ],
	"provisioners": [{
		"inline": [
			"echo 'Hello, World!' > index.html",
            "echo '[Unit]' > http.service",
            "echo 'Description=HTTP Hello World' >> http.service",
            "echo 'After=network.target' >> http.service",
            "echo 'StartLimitIntervalSec=0' >> http.service",
            "echo '[Service]' >> http.service",
            "echo 'Type=simple' >> http.service",
            "echo 'Restart=always' >> http.service",
            "echo 'RestartSec=1' >> http.service",
            "echo 'User=packer' >> http.service",
            "echo 'ExecStart=/usr/bin/nohup /bin/busybox httpd -f -p 8080 -h /home/packer' >> http.service",
            "echo '[Install]' >> http.service",
            "echo 'WantedBy=multi-user.target' >> http.service",
            "sudo mv http.service /etc/systemd/system",
            "sudo chown root:root /etc/systemd/system/http.service",
            "sudo chmod 755 /etc/systemd/system/http.service",
            "sudo systemctl enable http"
		],
		"inline_shebang": "/bin/sh -x",
		"type": "shell"
	}]
}
